Question,Answer
What are the admission requirements?,Admission requirements vary by program. Please check the admissions page on our website.
When is the application deadline?,Application deadlines depend on the intake. Please refer to our academic calendar.
Is there an application fee?,"Yes, the application fee is5000Frw for undergraduate programs and 6000Frw for postgraduate programs."
Do you offer scholarships?,"Yes, we offer need-based and merit-based scholarships."
What documents are needed for admission?,"Documents include transcripts, a statement of purpose, recommendation letters, and proof of identification."
How can I track my application status?,Log in to your applicant portal to check the status.
Can I apply for multiple programs?,"Yes, you can apply for up to three programs simultaneously."
Do you offer online courses?,"Yes, we offer a range of online courses and degrees."
What is the duration of undergraduate programs?,Most undergraduate programs are four years.
Can I transfer credits from another university?,"Yes, we accept transfer credits after an evaluation process."
What are the admission requirements for undergraduate programs?,"Academic transcripts, proof of identification, and completed application form."
What are the admission requirements for graduate programs?,"Bachelor's degree, transcripts, recommendation letters, and a statement of purpose."
What is the application deadline?,"March for Fall intake, October for Spring intake."
How can I apply online?,Visit the university's website and complete the online application form.
What is the admission process for international students?,Submit additional documents like visas and English proficiency test results.
Is there an application fee?,"Yes, the application fee is $50."
Can I apply to multiple programs simultaneously?,"Yes, you can apply to multiple programs."
What documents are required for admission?,"Transcripts, identification, application form, and test scores (if applicable)."
Are there any entrance exams required?,"Some programs require entrance exams, like SAT or GRE."
How do I know if my application was received?,You will receive an email confirmation.
How long does it take to process an application?,Processing takes 2-4 weeks.
Are there scholarships available for new students?,"Yes, merit-based and need-based scholarships are available."
What are the eligibility criteria for scholarships?,High academic performance and extracurricular achievements.
How can I check the status of my application?,Log into the application portal for updates.
Can I defer my admission?,"Yes, deferral is allowed for up to one academic year."
What is the refund policy for the application fee?,Application fees are non-refundable.
Are there any special requirements for transfer students?,"Yes, you need transcripts from the previous institution and a transfer request."
Can I apply if my previous education is from a different country?,"Yes, but equivalency evaluation might be required."
Is there a minimum GPA requirement for admission?,Undergraduate programs typically require a minimum GPA of 2.5.
How do I submit my academic transcripts?,Upload transcripts during the application process.
Are recommendation letters required?,"Yes, at least two letters are required."
What is the process for applying for financial aid?,Fill out a financial aid form and provide supporting documents.
When will I receive my admission decision?,Admission decisions are sent out within two weeks of processing.
Are there open house or campus tour events for prospective students?,"Yes, open houses are held annually in spring and fall."
Can I reapply if my application is denied?,"Yes, you can reapply after six months."
What undergraduate courses are offered?,"Engineering, Business, Arts, IT, and Health Sciences."
What graduate programs are available?,"Master’s programs in Business, Science, and Engineering."
Are there any diploma or certificate courses?,"Yes, diploma and certificate courses are available."
Are there online courses offered?,"Yes, online courses in various fields are offered."
Can I take part-time courses?,"Yes, many courses have part-time options."
What are the most popular courses?,"Business, Computer Science, and Engineering are the most popular."
What courses are available in engineering?,"Mechanical, Civil, Electrical, and Computer Engineering courses."
Do you offer medical-related programs?,"Yes, we offer nursing and healthcare programs."
Are there any business courses?,"Business Management, Accounting, and Marketing courses."
Is there a course for computer science or IT?,"Yes, multiple programs in Computer Science and IT are available."
What are the humanities and arts programs offered?,"Programs like Literature, History, and Philosophy."
Are there any language courses available?,"French, Spanish, Mandarin, and English courses."
Do you have short-term training programs?,"Yes, short-term courses in technology and business."
Can I change my course after enrollment?,"Yes, but approval from the academic office is required."
What are the prerequisites for enrolling in specific courses?,Basic academic qualifications and prerequisite courses.
Do you offer courses for working professionals?,"Yes, evening and weekend programs are designed for professionals."
Are there any internship opportunities associated with the courses?,Many programs include internship opportunities.
How many credits are required to complete a degree?,A minimum of 120 credits is needed for undergraduate degrees.
What are the research opportunities for graduate students?,Graduate students can participate in funded research projects.
Are there dual-degree programs available?,"Yes, dual-degree options are available in select fields."
What courses are available in the evening?,Evening classes are available in Business and IT.
Are there any free or subsidized courses?,"Yes, some courses are free or heavily subsidized."
How can I get the course syllabus?,Download the syllabus from the course catalog.
Can I transfer credits from other universities?,"Yes, with approval from the academic office."
Are there courses taught in other languages besides English?,"Yes, select courses are taught in French and Spanish."
What undergraduate programs do you offer?,"We offer programs in engineering, arts, sciences, business, and IT."
What postgraduate programs are available?,We offer master's and doctoral programs in various disciplines.
Do you offer double majors?,"Yes, students can pursue double majors in approved combinations."
What is the class size for lectures?,Class sizes vary but typically range from 30 to 50 students.
What language are courses taught in?,Most courses are taught in English.
Where is the university located?,The campus is located in [City Name].
How can I get to the campus?,"By public transport, car, or university shuttle."
Are there parking facilities on campus?,"Yes, ample parking is available for students and visitors."
Does the university provide shuttle services?,"Yes, shuttle services run between campus and key locations."
Are there dormitories or hostels available?,"Yes, dormitories are available for local and international students."
What dining options are available on campus?,"Cafeterias, food courts, and vending machines are on campus."
Is there a gym or fitness center?,"Yes, there is a fully equipped gym and fitness center."
Does the campus have a library?,"Yes, the library has extensive collections and study spaces."
What are the opening hours of the library?,The library is open from 8 AM to 10 PM.
Are there study rooms or lounges on campus?,"Yes, lounges and study rooms are provided in all buildings."
Is there Wi-Fi available on campus?,"Yes, free Wi-Fi is available across the campus."
What are the sports facilities available?,"Football, basketball, tennis, and indoor sports facilities."
Are there healthcare services on campus?,"Yes, a health clinic is available on campus."
Does the campus have a career center?,"Yes, the career center assists with internships and job placements."
Is there an auditorium for events?,"Yes, the auditorium is used for seminars and events."
Are there accessible facilities for people with disabilities?,"Yes, facilities are accessible for people with disabilities."
Can I host events on campus?,"Yes, event hosting is allowed with prior approval."
Is there a bookstore on campus?,"Yes, the bookstore sells books, merchandise, and supplies."
Are there banking or ATM facilities?,ATMs are located near the main library and cafeteria.
Is there security on campus?,"Yes, 24/7 security services are available."
What cultural or recreational activities are offered?,"Cultural festivals, concerts, and recreational clubs are offered."
Does the campus have outdoor green spaces?,"Yes, there are outdoor parks and gardens on campus."
Are there on-campus part-time job opportunities?,"Yes, students can work part-time on campus."
Are pets allowed on campus?,"No, pets are not allowed in campus buildings."
What safety measures are in place for students?,"Security cameras, emergency hotlines, and patrols ensure safety."
What sports clubs are available?,"Various sports clubs such as basketball, soccer, tennis, and swimming are available."
How can I join the debate team?,Attend the recruitment meeting or contact the debate team's faculty advisor.
Are there music or dance clubs?,"Yes, there are active music and dance clubs for students."
Can I participate in drama or theater activities?,"Yes, drama and theater activities are organized regularly."
Are there technology or robotics clubs?,"Yes, the university hosts technology and robotics clubs."
What volunteer opportunities are available?,Numerous volunteer opportunities are available through the community service office.
Are there cultural exchange programs?,"Yes, cultural exchange programs are conducted with partner universities."
How can I join student government?,Submit an application or attend the student government elections.
Are there any leadership training programs?,"Yes, leadership training programs are held each semester."
Does the university organize field trips?,"Yes, field trips are organized for both academic and recreational purposes."
Are there any photography or art clubs?,Photography and art clubs meet weekly for creative sessions.
Can I participate in inter-university competitions?,"Yes, inter-university competitions in sports, debates, and academics are frequent."
Does the campus have a hiking or adventure club?,The university has an active hiking and adventure club.
What are the most active student organizations?,The student union and cultural societies are the most active organizations.
Are there cooking or culinary classes?,"Yes, cooking and culinary workshops are offered occasionally."
Are there fitness or yoga classes?,Weekly fitness and yoga classes are open to all students.
How can I start my own club?,Contact the student activities office to start your own club.
Are there coding or hackathon events?,Coding events and hackathons are hosted each semester.
What activities are organized for international students?,International students can join orientation programs and cultural events.
Does the university host career fairs?,Career fairs are held annually to connect students with potential employers.
Can I participate in alumni events?,"Yes, alumni events are open to both current and former students."
What networking opportunities are available?,Networking opportunities include professional mixers and alumni panels.
Are there journalism or writing clubs?,Journalism and writing clubs publish campus newsletters and magazines.
Is there a mentorship program for new students?,Mentorship programs pair new students with experienced upperclassmen.
Are there any religious or spiritual groups on campus?,"Yes, there are religious and spiritual groups catering to diverse faiths."
Can I reserve a study room?,"Yes, study rooms can be reserved online."
What is the overdue fee for books?,The overdue fee is $0.50 per day per book.
Are printing services available?,"Yes, printing and scanning services are available in the library."
Do you provide laptops for students?,"Yes, students can borrow laptops from the IT center."
Is there free Wi-Fi on campus?,"Yes, free Wi-Fi is available throughout the campus."
How do I contact IT support?,Email the IT support team at support@university.edu.
What software is available for students?,"Students have access to Microsoft Office, MATLAB, and more."
Can I access online lectures?,"Yes, all lectures are recorded and uploaded to the learning portal."
What is the university's ranking?,The university ranks in the top 100 globally.
When was the university established?,The university was established in 1905.
How many students are enrolled?,"The university has over 20,000 students."
Do you offer evening classes?,"Yes, evening classes are available for working professionals."
What are the university's research areas?,"Key research areas include AI, sustainability, and medicine."
Can international students apply?,"Yes, international students are welcome to apply."
What is the process for deferred admission?,Submit a formal request through the admissions portal.
Are there interviews as part of the admission process?,Some programs may require interviews.
Do you require SAT or ACT scores?,SAT/ACT scores are required for undergraduate admissions.
Can I visit the campus before applying?,"Yes, campus tours are available for prospective students."
Do you have rolling admissions?,"Yes, we have rolling admissions for certain programs."
What is the acceptance rate?,The acceptance rate varies by program.
Is there an early decision option?,"Yes, early decision is available for select programs."
What is the minimum GPA requirement?,The minimum GPA requirement is 3.0 for most programs.
Do I need to submit a personal statement?,"Yes, a personal statement is required for most applications."
Hello!,"Hello, I'm UniChatbot, your friendly AI assistant! I'm here to help you with any questions about our university, from courses and admissions to campus life and beyond. How can I assist you today?"""
Hi there!,Hello! How's everything going?
Greetings!,Hello! How can I help you today?
Good day!,Good day to you! How may I assist you?
Welcome!,Thank you! How can I assist you today?
Hey!,Hey there! How can I help you?
How can I help you today?,I'm here to assist! What can I do for you today?
Hello! How can I assist you?,Hi! How can I make things easier for you today?
Good morning!,Good morning! How can I assist you today?
Good afternoon!,Good afternoon! What can I help you with today?
Good evening!,Good evening! How can I be of help today?
"Hi, how may I assist you?",Hi! What can I do for you today?
Welcome back!,It's great to see you again! How can I assist you today?
Thank you for reaching out!,You're welcome! How can I assist you further?
"Hi, how can I help you today?",Hello! What can I assist you with today?
hi,Hi there! How can I assist you today?
Hello,"Hello, I'm UniChatbot, your friendly AI assistant! I'm here to help you with any questions about our university, from courses and admissions to campus life and beyond. How can I assist you today?"""
Hi!,Hi there! How can I assist you today?
who are you?,"Hello, I'm UniChatbot, your friendly AI assistant! I'm here to help you with any questions about our university, from courses and admissions to campus life and beyond. How can I assist you today?"""
Thank you,You're welcome! Let me know if you have more questions.
Much appreciated,Happy to help! Feel free to ask anytime.
Thanks a lot,You're most welcome. Is there anything else I can assist with?
Thank you very much,No problem at all!
I appreciate your help,Sure thing!
Thanks!,Anytime! Let me know if there's more I can do.
Cheers!,Thanks for saying that! I'm glad I could help.
"Cool, thanks!",I'm here whenever you need assistance!
"Got it, thanks!","Awesome! If you need further help, just let me know."
"Great, thanks a ton!",Got it! What's next on your mind?
Great job!,Sure! Let me know what you’d like me to assist with further.
"Awesome, thank you!",Let’s dive into that next topic!
You’re the best!,"Thanks! You’re making me blush (virtually, of course)."
"Thanks, that’s perfect!",Always happy to be your digital assistant!
Nice work!,You’ve got it! Just call on me anytime.
Do you provide tutoring services?,"Yes, free tutoring is available for most subjects."
What is the grading system?,Grades are based on a 4.0 GPA scale.
Can I change my major?,"Yes, students can request a change of major."
Are there advisors for academic planning?,"Yes, each student is assigned an academic advisor."
How do I register for classes?,Register through the student portal during registration periods.
What happens if I fail a course?,You can retake the course to improve your grade.
Are there study abroad opportunities?,"Yes, exchange programs are available with partner universities."
Do you offer research opportunities for undergraduates?,"Yes, undergraduate research opportunities are encouraged."
Can I take summer classes?,"Yes, summer sessions are available for most programs."
What is the process for applying for a leave of absence?,Submit a formal request through the academic office.
Is there a bookstore on campus?,"Yes, the bookstore sells textbooks, supplies, and university merchandise."
Do you have a lost and found?,"Yes, the lost and found is located at the security office."
Are there dining halls on campus?,"Yes, dining halls offer a variety of meal options."
What are the transportation options on campus?,"Students can use shuttles, bike rentals, or carpooling services."
Is there a postal service on campus?,"Yes, mail and package services are available."
What banking services are available on campus?,ATMs and bank branches are located on campus.
Are there student lounges?,"Yes, lounges are available for relaxation and group study."
Do you have a child care center on campus?,"Yes, the child care center is available for student parents."
Are there art and cultural events?,"Yes, art exhibits, theater performances, and concerts are held regularly."
Is there a chapel on campus?,"Yes, the chapel is open for prayer and services."
Do you assist with student visas?,"Yes, our international office helps with visa applications."
Is there an orientation for international students?,"Yes, a special orientation is held for international students."
What is the process for currency exchange?,Currency exchange services are available at the campus bank.
Can international students work while studying?,"Yes, part-time work is allowed based on visa regulations."
Are there language support services?,"Yes, English language workshops and courses"
what is you name?,"My name is UniChatbot, your friendly AI assistant! "
